-- we generated fake data using https://www.mockaroo.com/

-- location sampledata

insert into location (LID, address, country) values (1, '9293 Starling Avenue', 'Cuba');
insert into location (LID, address, country) values (2, '49267 Walton Avenue', 'Vietnam');
insert into location (LID, address, country) values (3, '572 Fallview Way', 'Indonesia');
insert into location (LID, address, country) values (4, '780 Cordelia Trail', 'Indonesia');
insert into location (LID, address, country) values (5, '2 Vera Pass', 'Philippines');
insert into location (LID, address, country) values (6, '94122 Rowland Plaza', 'Libya');
insert into location (LID, address, country) values (7, '35 Hazelcrest Road', 'Indonesia');
insert into location (LID, address, country) values (8, '4 Eagan Alley', 'Benin');
insert into location (LID, address, country) values (9, '9441 Johnson Road', 'Brazil');
insert into location (LID, address, country) values (10, '265 Mandrake Street', 'Luxembourg');

-- customer sampledata

insert into customer (CID, LID, name, email) values (1, 2, 'Ullrich-Williamson', 'cclue0@livejournal.com');
insert into customer (CID, LID, name, email) values (2, 2, 'Stark Inc', 'cshout1@yahoo.co.jp');
insert into customer (CID, LID, name, email) values (3, 8, 'Block and Sons', 'lbortoli2@chron.com');
insert into customer (CID, LID, name, email) values (4, 3, 'Fahey-Ebert', 'rkeers3@technorati.com');
insert into customer (CID, LID, name, email) values (5, 9, 'Upton LLC', 'llukas4@ocn.ne.jp');
insert into customer (CID, LID, name, email) values (6, 10, 'Barrows LLC', 'eskures5@tinyurl.com');
insert into customer (CID, LID, name, email) values (7, 10, 'Sipes, Strosin and Jerde', 'gwalentynowicz6@miitbeian.gov.cn');
insert into customer (CID, LID, name, email) values (8, 10, 'Hilll, Hessel and Greenfelder', 'dhulstrom7@gnu.org');
insert into customer (CID, LID, name, email) values (9, 8, 'Nitzsche, Schulist and Hudson', 'gnormand8@paypal.com');
insert into customer (CID, LID, name, email) values (10, 6, 'Hagenes, McKenzie and Miller', 'dthunderman9@sitemeter.com');
insert into customer (CID, LID, name, email) values (11, 1, 'Kihn, Lesch and Wolff', 'hgillana@unesco.org');
insert into customer (CID, LID, name, email) values (12, 4, 'Friesen, Strosin and Jast', 'wcosgriveb@vkontakte.ru');
insert into customer (CID, LID, name, email) values (13, 8, 'Willms-Boyer', 'agoodrumc@gov.uk');
insert into customer (CID, LID, name, email) values (14, 10, 'Kuhic, Watsica and Stanton', 'nhawkend@seattletimes.com');
insert into customer (CID, LID, name, email) values (15, 1, 'Stroman Inc', 'edisbrowe@cnet.com');
insert into customer (CID, LID, name, email) values (16, 8, 'Terry LLC', 'teykelboschf@newsvine.com');
insert into customer (CID, LID, name, email) values (17, 4, 'Kirlin LLC', 'tfontg@buzzfeed.com');
insert into customer (CID, LID, name, email) values (18, 8, 'Haag, DuBuque and Hansen', 'nnilandh@networksolutions.com');
insert into customer (CID, LID, name, email) values (19, 9, 'Price, Murazik and Rogahn', 'dgiacuboi@parallels.com');
insert into customer (CID, LID, name, email) values (20, 9, 'Treutel-Crist', 'syegorovninj@cargocollective.com');
insert into customer (CID, LID, name, email) values (21, 3, 'Jast LLC', 'eleyk@google.fr');
insert into customer (CID, LID, name, email) values (22, 4, 'Dickinson, Ortiz and Kessler', 'frosewarnel@google.fr');
insert into customer (CID, LID, name, email) values (23, 8, 'Schuster-Frami', 'jmacieiczykm@redcross.org');
insert into customer (CID, LID, name, email) values (24, 10, 'Windler, Toy and Jacobi', 'aheinsiusn@bigcartel.com');
insert into customer (CID, LID, name, email) values (25, 6, 'Yundt-Barrows', 'cbreazeallo@timesonline.co.uk');

-- departments

insert into department (DepID, LID, name) values (1, 3, 'Business Development');
insert into department (DepID, LID, name) values (2, 4, 'Training');
insert into department (DepID, LID, name) values (3, 8, 'Marketing');
insert into department (DepID, LID, name) values (4, 7, 'Product Management');
insert into department (DepID, LID, name) values (5, 1, 'Business Development');
insert into department (DepID, LID, name) values (6, 1, 'Support');
insert into department (DepID, LID, name) values (7, 6, 'Sales');
insert into department (DepID, LID, name) values (8, 9, 'Training');
insert into department (DepID, LID, name) values (9, 10, 'Support');
insert into department (DepID, LID, name) values (10, 9, 'Research and Development');
insert into department (DepID, LID, name) values (11, 5, 'Legal');
insert into department (DepID, LID, name) values (12, 2, 'Accounting');
insert into department (DepID, LID, name) values (13, 7, 'Legal');
insert into department (DepID, LID, name) values (14, 5, 'Accounting');
insert into department (DepID, LID, name) values (15, 8, 'Legal');
insert into department (DepID, LID, name) values (16, 6, 'Human Resources');
insert into department (DepID, LID, name) values (17, 2, 'Business Development');
insert into department (DepID, LID, name) values (18, 3, 'Support');
insert into department (DepID, LID, name) values (19, 5, 'Engineering');
insert into department (DepID, LID, name) values (20, 1, 'Accounting');
insert into department (DepID, LID, name) values (21, 8, 'Support');
insert into department (DepID, LID, name) values (22, 3, 'Research and Development');
insert into department (DepID, LID, name) values (23, 1, 'Engineering');
insert into department (DepID, LID, name) values (24, 8, 'Business Development');
insert into department (DepID, LID, name) values (25, 4, 'Marketing');

-- projects

insert into project (PrID, CID, name, budget, startDate, deadline) values (1, 3, 'Redhold', 20184, '2025-12-02 14:41:48', '2026-03-07 19:56:46');
insert into project (PrID, CID, name, budget, startDate, deadline) values (2, 9, 'Temp', 15809, '2025-06-30 08:29:31', '2026-01-31 11:18:07');
insert into project (PrID, CID, name, budget, startDate, deadline) values (3, 14, 'Gembucket', 46964, '2025-09-24 17:34:39', '2026-06-03 21:35:15');
insert into project (PrID, CID, name, budget, startDate, deadline) values (4, 3, 'It', 36052, '2025-06-11 16:44:36', '2026-01-13 19:26:19');
insert into project (PrID, CID, name, budget, startDate, deadline) values (5, 24, 'Tin', 10384, '2025-08-09 12:47:55', '2026-01-05 12:06:25');
insert into project (PrID, CID, name, budget, startDate, deadline) values (6, 1, 'Trippledex', 7754, '2025-05-13 16:53:57', '2026-01-14 01:10:58');
insert into project (PrID, CID, name, budget, startDate, deadline) values (7, 8, 'Sub-Ex', 26920, '2025-06-28 05:50:54', '2026-09-11 23:31:51');
insert into project (PrID, CID, name, budget, startDate, deadline) values (8, 11, 'Latlux', 36636, '2025-11-24 02:42:07', '2026-04-14 18:43:40');
insert into project (PrID, CID, name, budget, startDate, deadline) values (9, 21, 'Pannier', 17828, '2025-12-02 22:44:25', '2026-01-21 19:52:28');
insert into project (PrID, CID, name, budget, startDate, deadline) values (10, 13, 'Viva', 38262, '2025-10-29 00:10:56', '2026-07-23 20:33:14');
insert into project (PrID, CID, name, budget, startDate, deadline) values (11, 20, 'Alpha', 46607, '2025-11-29 17:01:52', '2026-03-23 13:53:00');
insert into project (PrID, CID, name, budget, startDate, deadline) values (12, 14, 'Namfix', 49557, '2025-11-06 04:20:43', '2026-02-17 20:05:54');
insert into project (PrID, CID, name, budget, startDate, deadline) values (13, 13, 'Bytecard', 49069, '2025-04-06 20:21:46', '2026-09-28 04:14:50');
insert into project (PrID, CID, name, budget, startDate, deadline) values (14, 19, 'Voltsillam', 47290, '2025-06-18 03:08:50', '2026-07-19 02:04:34');
insert into project (PrID, CID, name, budget, startDate, deadline) values (15, 6, 'Bamity', 7625, '2025-10-07 17:20:08', '2026-05-07 10:22:41');
insert into project (PrID, CID, name, budget, startDate, deadline) values (16, 19, 'Vagram', 47233, '2025-06-09 22:45:43', '2026-08-17 15:58:39');
insert into project (PrID, CID, name, budget, startDate, deadline) values (17, 23, 'Lotlux', 45398, '2025-04-19 12:04:28', '2026-02-07 09:47:48');
insert into project (PrID, CID, name, budget, startDate, deadline) values (18, 15, 'Wrapsafe', 7671, '2025-10-26 23:53:35', '2026-07-23 15:26:44');
insert into project (PrID, CID, name, budget, startDate, deadline) values (19, 14, 'Prodder', 45516, '2025-11-25 04:07:56', '2026-05-20 08:43:16');
insert into project (PrID, CID, name, budget, startDate, deadline) values (20, 2, 'Flexidy', 8007, '2025-10-14 14:35:41', '2026-06-13 17:20:12');
insert into project (PrID, CID, name, budget, startDate, deadline) values (21, 16, 'Veribet', 5314, '2025-12-26 09:37:02', '2026-05-26 08:27:46');
insert into project (PrID, CID, name, budget, startDate, deadline) values (22, 5, 'Span', 7475, '2025-11-20 03:17:52', '2026-07-29 01:57:25');
insert into project (PrID, CID, name, budget, startDate, deadline) values (23, 5, 'Overhold', 16514, '2025-04-29 03:27:51', '2026-09-17 15:54:24');
insert into project (PrID, CID, name, budget, startDate, deadline) values (24, 11, 'Zoolab', 10896, '2025-04-04 16:06:19', '2026-01-05 05:04:13');
insert into project (PrID, CID, name, budget, startDate, deadline) values (25, 15, 'Matsoft', 42069, '2025-12-06 05:38:02', '2026-04-17 17:43:44');
insert into project (PrID, CID, name, budget, startDate, deadline) values (26, 15, 'Sub-Ex', 24860, '2025-05-09 14:39:18', '2026-09-24 08:55:09');
insert into project (PrID, CID, name, budget, startDate, deadline) values (27, 23, 'Y-Solowarm', 16047, '2025-07-29 05:00:31', '2026-03-21 00:25:01');
insert into project (PrID, CID, name, budget, startDate, deadline) values (28, 10, 'Transcof', 39128, '2025-08-13 21:07:44', '2026-05-15 22:39:53');
insert into project (PrID, CID, name, budget, startDate, deadline) values (29, 16, 'Fixflex', 16175, '2025-12-24 04:13:05', '2026-06-06 05:45:43');
insert into project (PrID, CID, name, budget, startDate, deadline) values (30, 8, 'Flowdesk', 48930, '2025-05-03 13:17:11', '2026-10-11 04:13:36');
insert into project (PrID, CID, name, budget, startDate, deadline) values (31, 4, 'Lotstring', 35438, '2025-10-17 02:47:08', '2026-06-29 17:55:07');
insert into project (PrID, CID, name, budget, startDate, deadline) values (32, 13, 'Bitwolf', 8709, '2025-12-16 05:10:52', '2026-03-15 13:04:17');
insert into project (PrID, CID, name, budget, startDate, deadline) values (33, 10, 'Y-Solowarm', 20658, '2025-06-14 11:21:12', '2026-06-14 03:00:50');
insert into project (PrID, CID, name, budget, startDate, deadline) values (34, 17, 'Job', 14627, '2025-09-14 16:14:21', '2026-08-08 19:21:59');
insert into project (PrID, CID, name, budget, startDate, deadline) values (35, 13, 'Prodder', 13839, '2025-06-09 14:43:21', '2026-01-21 07:04:12');
insert into project (PrID, CID, name, budget, startDate, deadline) values (36, 18, 'Bitchip', 11599, '2025-04-06 04:04:55', '2026-01-13 11:28:55');
insert into project (PrID, CID, name, budget, startDate, deadline) values (37, 8, 'Otcom', 29086, '2025-09-17 02:21:58', '2026-06-26 18:07:07');
insert into project (PrID, CID, name, budget, startDate, deadline) values (38, 9, 'Alphazap', 43985, '2025-12-03 22:15:34', '2026-09-01 15:04:29');
insert into project (PrID, CID, name, budget, startDate, deadline) values (39, 5, 'Sonair', 44997, '2025-08-13 12:20:16', '2026-09-02 13:57:49');
insert into project (PrID, CID, name, budget, startDate, deadline) values (40, 1, 'Y-Solowarm', 20879, '2025-04-10 21:55:10', '2026-10-05 02:51:43');
insert into project (PrID, CID, name, budget, startDate, deadline) values (41, 20, 'Treeflex', 39464, '2025-04-12 19:37:25', '2026-07-19 09:05:35');
insert into project (PrID, CID, name, budget, startDate, deadline) values (42, 24, 'Tresom', 39009, '2025-09-07 18:56:21', '2026-03-19 04:04:23');
insert into project (PrID, CID, name, budget, startDate, deadline) values (43, 7, 'Home Ing', 48251, '2025-04-07 12:08:56', '2026-01-09 17:15:11');
insert into project (PrID, CID, name, budget, startDate, deadline) values (44, 17, 'Tresom', 21969, '2025-08-15 14:47:55', '2026-07-06 13:37:25');
insert into project (PrID, CID, name, budget, startDate, deadline) values (45, 23, 'Temp', 26864, '2025-11-28 19:49:13', '2026-04-07 19:14:41');
insert into project (PrID, CID, name, budget, startDate, deadline) values (46, 18, 'Zathin', 47255, '2025-09-03 12:12:01', '2026-06-27 12:02:29');
insert into project (PrID, CID, name, budget, startDate, deadline) values (47, 18, 'Opela', 49368, '2025-07-23 10:54:51', '2026-02-12 13:08:16');
insert into project (PrID, CID, name, budget, startDate, deadline) values (48, 22, 'Temp', 23355, '2025-06-11 16:21:14', '2026-01-30 05:57:07');
insert into project (PrID, CID, name, budget, startDate, deadline) values (49, 17, 'Kanlam', 34167, '2025-05-08 07:12:36', '2026-02-06 07:04:38');
insert into project (PrID, CID, name, budget, startDate, deadline) values (50, 8, 'Matsoft', 23489, '2025-04-07 23:54:35', '2026-02-09 21:43:46');
insert into project (PrID, CID, name, budget, startDate, deadline) values (51, 9, 'Tin', 20875, '2025-04-19 04:35:06', '2026-02-13 11:26:34');
insert into project (PrID, CID, name, budget, startDate, deadline) values (52, 20, 'Namfix', 46942, '2025-06-03 04:11:37', '2026-04-25 16:32:58');
insert into project (PrID, CID, name, budget, startDate, deadline) values (53, 8, 'Gembucket', 13883, '2025-10-30 10:55:30', '2026-04-22 00:43:33');
insert into project (PrID, CID, name, budget, startDate, deadline) values (54, 8, 'Rank', 38981, '2025-07-28 10:44:40', '2026-06-03 10:45:13');
insert into project (PrID, CID, name, budget, startDate, deadline) values (55, 17, 'Stringtough', 7813, '2025-12-28 19:57:11', '2026-07-25 20:52:37');
insert into project (PrID, CID, name, budget, startDate, deadline) values (56, 24, 'Bytecard', 45300, '2025-06-08 16:52:40', '2026-01-22 04:23:10');
insert into project (PrID, CID, name, budget, startDate, deadline) values (57, 15, 'Tin', 49846, '2025-10-17 16:13:13', '2026-09-30 14:09:09');
insert into project (PrID, CID, name, budget, startDate, deadline) values (58, 9, 'Tin', 20421, '2025-06-01 20:55:03', '2026-05-22 08:56:10');
insert into project (PrID, CID, name, budget, startDate, deadline) values (59, 17, 'Andalax', 22158, '2025-10-26 06:53:45', '2026-02-10 15:44:14');
insert into project (PrID, CID, name, budget, startDate, deadline) values (60, 25, 'Opela', 40606, '2025-12-24 03:32:31', '2026-09-28 04:28:28');
insert into project (PrID, CID, name, budget, startDate, deadline) values (61, 12, 'Cardify', 30380, '2025-06-19 15:19:04', '2026-04-20 12:31:33');
insert into project (PrID, CID, name, budget, startDate, deadline) values (62, 1, 'Ventosanzap', 16987, '2025-07-02 05:20:18', '2026-01-27 12:20:03');
insert into project (PrID, CID, name, budget, startDate, deadline) values (63, 10, 'Stronghold', 43016, '2025-05-01 22:28:37', '2026-08-31 12:08:27');
insert into project (PrID, CID, name, budget, startDate, deadline) values (64, 12, 'Stringtough', 43289, '2025-08-08 08:39:25', '2026-07-09 16:28:57');
insert into project (PrID, CID, name, budget, startDate, deadline) values (65, 12, 'Kanlam', 18449, '2025-07-12 22:06:37', '2026-04-02 20:12:08');
insert into project (PrID, CID, name, budget, startDate, deadline) values (66, 24, 'Otcom', 47899, '2025-09-17 00:22:48', '2026-09-30 10:11:28');
insert into project (PrID, CID, name, budget, startDate, deadline) values (67, 15, 'Veribet', 28252, '2025-05-22 11:05:44', '2026-02-02 04:28:23');
insert into project (PrID, CID, name, budget, startDate, deadline) values (68, 15, 'Andalax', 35448, '2025-11-25 07:26:41', '2026-04-28 12:49:31');
insert into project (PrID, CID, name, budget, startDate, deadline) values (69, 10, 'Flexidy', 45892, '2025-09-23 01:46:01', '2026-08-17 15:02:38');
insert into project (PrID, CID, name, budget, startDate, deadline) values (70, 6, 'Otcom', 39874, '2025-05-02 20:50:47', '2026-03-04 09:02:39');
insert into project (PrID, CID, name, budget, startDate, deadline) values (71, 19, 'Aerified', 41866, '2025-12-17 01:27:39', '2026-07-24 09:31:51');
insert into project (PrID, CID, name, budget, startDate, deadline) values (72, 6, 'Trippledex', 22396, '2025-04-09 21:50:15', '2026-05-04 06:45:00');
insert into project (PrID, CID, name, budget, startDate, deadline) values (73, 16, 'Pannier', 5954, '2025-08-21 02:52:18', '2026-10-04 07:02:04');
insert into project (PrID, CID, name, budget, startDate, deadline) values (74, 8, 'Prodder', 26861, '2025-04-05 01:14:19', '2026-10-21 01:42:02');
insert into project (PrID, CID, name, budget, startDate, deadline) values (75, 19, 'Bitchip', 16354, '2025-12-24 17:58:37', '2026-01-13 11:25:56');
insert into project (PrID, CID, name, budget, startDate, deadline) values (76, 21, 'Flexidy', 21795, '2025-06-20 23:31:13', '2026-09-17 16:26:22');
insert into project (PrID, CID, name, budget, startDate, deadline) values (77, 19, 'Hatity', 39317, '2025-11-18 19:50:26', '2026-09-22 02:53:37');
insert into project (PrID, CID, name, budget, startDate, deadline) values (78, 1, 'Opela', 9540, '2025-06-08 04:20:35', '2026-07-28 18:53:07');
insert into project (PrID, CID, name, budget, startDate, deadline) values (79, 17, 'Gembucket', 45481, '2025-11-21 14:31:07', '2026-03-12 09:25:29');
insert into project (PrID, CID, name, budget, startDate, deadline) values (80, 16, 'Temp', 39370, '2025-07-28 02:33:38', '2026-02-11 23:44:31');
insert into project (PrID, CID, name, budget, startDate, deadline) values (81, 22, 'Y-Solowarm', 10966, '2025-11-28 06:09:45', '2026-02-04 12:34:34');
insert into project (PrID, CID, name, budget, startDate, deadline) values (82, 24, 'Treeflex', 47967, '2025-10-30 01:35:20', '2026-08-01 16:27:58');
insert into project (PrID, CID, name, budget, startDate, deadline) values (83, 3, 'Bitchip', 19508, '2025-12-13 02:39:47', '2026-03-07 01:53:05');
insert into project (PrID, CID, name, budget, startDate, deadline) values (84, 15, 'Lotstring', 23509, '2025-05-05 02:43:37', '2026-07-07 23:28:40');
insert into project (PrID, CID, name, budget, startDate, deadline) values (85, 8, 'Daltfresh', 45193, '2025-07-11 06:56:52', '2026-02-24 00:16:11');
insert into project (PrID, CID, name, budget, startDate, deadline) values (86, 12, 'Fix San', 46269, '2025-12-14 12:44:25', '2026-04-08 14:53:35');
insert into project (PrID, CID, name, budget, startDate, deadline) values (87, 20, 'Stim', 29774, '2025-06-29 12:25:38', '2026-10-04 09:16:59');
insert into project (PrID, CID, name, budget, startDate, deadline) values (88, 17, 'Home Ing', 41883, '2025-11-28 00:48:44', '2026-01-13 01:47:45');
insert into project (PrID, CID, name, budget, startDate, deadline) values (89, 12, 'Holdlamis', 12640, '2025-06-30 00:50:10', '2026-05-19 02:22:07');
insert into project (PrID, CID, name, budget, startDate, deadline) values (90, 22, 'Span', 14235, '2025-12-26 20:04:57', '2026-01-21 23:32:51');
insert into project (PrID, CID, name, budget, startDate, deadline) values (91, 18, 'Flowdesk', 28189, '2025-10-14 01:17:15', '2026-07-02 03:06:56');
insert into project (PrID, CID, name, budget, startDate, deadline) values (92, 19, 'Tresom', 34906, '2025-06-09 10:25:30', '2026-10-04 11:57:51');
insert into project (PrID, CID, name, budget, startDate, deadline) values (93, 1, 'Regrant', 26112, '2025-04-13 19:31:33', '2026-07-01 19:02:37');
insert into project (PrID, CID, name, budget, startDate, deadline) values (94, 7, 'Overhold', 7567, '2025-05-27 22:10:49', '2026-09-09 00:36:43');
insert into project (PrID, CID, name, budget, startDate, deadline) values (95, 12, 'Cardify', 11923, '2025-10-02 22:19:38', '2026-01-11 03:59:10');
insert into project (PrID, CID, name, budget, startDate, deadline) values (96, 6, 'Konklab', 10003, '2025-08-18 23:46:43', '2026-06-20 11:01:24');
insert into project (PrID, CID, name, budget, startDate, deadline) values (97, 25, 'Namfix', 6119, '2025-08-17 22:11:42', '2026-03-20 07:12:04');
insert into project (PrID, CID, name, budget, startDate, deadline) values (98, 10, 'Lotlux', 35251, '2025-07-05 08:38:20', '2026-10-12 19:41:18');
insert into project (PrID, CID, name, budget, startDate, deadline) values (99, 25, 'Fintone', 21833, '2025-09-20 14:52:23', '2026-10-10 03:49:24');
insert into project (PrID, CID, name, budget, startDate, deadline) values (100, 1, 'Flowdesk', 33512, '2025-08-05 15:43:50', '2026-05-20 17:18:05');


-- employee

insert into employee (EmpID, DepID, name, email) values (1, 12, 'Crissy', 'cspenley0@walmart.com');
insert into employee (EmpID, DepID, name, email) values (2, 21, 'Miguela', 'mbalk1@ocn.ne.jp');
insert into employee (EmpID, DepID, name, email) values (3, 2, 'Bette', 'bcuff2@skyrock.com');
insert into employee (EmpID, DepID, name, email) values (4, 2, 'Dacy', 'dmcnair3@scientificamerican.com');
insert into employee (EmpID, DepID, name, email) values (5, 21, 'Antoinette', 'agrishmanov4@bloomberg.com');
insert into employee (EmpID, DepID, name, email) values (6, 20, 'Nettie', 'nclemont5@github.com');
insert into employee (EmpID, DepID, name, email) values (7, 21, 'Burton', 'bkrale6@zdnet.com');
insert into employee (EmpID, DepID, name, email) values (8, 6, 'Chandra', 'cgrimsley7@mozilla.com');
insert into employee (EmpID, DepID, name, email) values (9, 7, 'Melloney', 'mbogies8@blogspot.com');
insert into employee (EmpID, DepID, name, email) values (10, 1, 'Haleigh', 'hbraddick9@mozilla.com');
insert into employee (EmpID, DepID, name, email) values (11, 17, 'Elna', 'ebeavingtona@ucoz.ru');
insert into employee (EmpID, DepID, name, email) values (12, 9, 'Stefano', 'ssweetenb@state.tx.us');
insert into employee (EmpID, DepID, name, email) values (13, 16, 'Holli', 'hlorkingsc@4shared.com');
insert into employee (EmpID, DepID, name, email) values (14, 10, 'Linette', 'lbaggarleyd@freewebs.com');
insert into employee (EmpID, DepID, name, email) values (15, 13, 'Deeann', 'dgonthiere@1und1.de');
insert into employee (EmpID, DepID, name, email) values (16, 20, 'Whitby', 'whurdidgef@e-recht24.de');
insert into employee (EmpID, DepID, name, email) values (17, 8, 'Shannon', 'stourmellg@unblog.fr');
insert into employee (EmpID, DepID, name, email) values (18, 6, 'Katharyn', 'kkayeh@feedburner.com');
insert into employee (EmpID, DepID, name, email) values (19, 1, 'Katine', 'kmasseyi@google.com.br');
insert into employee (EmpID, DepID, name, email) values (20, 18, 'Odette', 'odericotj@comcast.net');
insert into employee (EmpID, DepID, name, email) values (21, 14, 'Ollie', 'othursbyk@shinystat.com');
insert into employee (EmpID, DepID, name, email) values (22, 2, 'Gard', 'gbackel@china.com.cn');
insert into employee (EmpID, DepID, name, email) values (23, 15, 'Hailee', 'hkightlym@free.fr');
insert into employee (EmpID, DepID, name, email) values (24, 23, 'Doro', 'djallinn@apple.com');
insert into employee (EmpID, DepID, name, email) values (25, 12, 'Alfonso', 'adudenieo@creativecommons.org');
insert into employee (EmpID, DepID, name, email) values (26, 3, 'Nanni', 'nmellemp@reuters.com');
insert into employee (EmpID, DepID, name, email) values (27, 1, 'Dedra', 'dorrobinq@cloudflare.com');
insert into employee (EmpID, DepID, name, email) values (28, 12, 'Christi', 'ccristour@salon.com');
insert into employee (EmpID, DepID, name, email) values (29, 9, 'Lucienne', 'lduffields@over-blog.com');
insert into employee (EmpID, DepID, name, email) values (30, 23, 'Sherwood', 'sondracekt@webmd.com');
insert into employee (EmpID, DepID, name, email) values (31, 23, 'Spense', 'sfleuryu@geocities.jp');
insert into employee (EmpID, DepID, name, email) values (32, 25, 'Lorens', 'lhaeslierv@hc360.com');
insert into employee (EmpID, DepID, name, email) values (33, 24, 'Brinn', 'bgoodsellw@hao123.com');
insert into employee (EmpID, DepID, name, email) values (34, 6, 'Hermon', 'hducarelx@newsvine.com');
insert into employee (EmpID, DepID, name, email) values (35, 20, 'Alane', 'akomorowskiy@a8.net');
insert into employee (EmpID, DepID, name, email) values (36, 12, 'Eduard', 'ebartalotz@ehow.com');
insert into employee (EmpID, DepID, name, email) values (37, 12, 'Chandler', 'carnott10@joomla.org');
insert into employee (EmpID, DepID, name, email) values (38, 16, 'Janenna', 'jmetcalfe11@bing.com');
insert into employee (EmpID, DepID, name, email) values (39, 20, 'Jenelle', 'jwillerton12@mayoclinic.com');
insert into employee (EmpID, DepID, name, email) values (40, 4, 'Zonda', 'zbampforth13@dot.gov');
insert into employee (EmpID, DepID, name, email) values (41, 22, 'Moria', 'mjosland14@wiley.com');
insert into employee (EmpID, DepID, name, email) values (42, 24, 'Doy', 'dmcreedy15@nsw.gov.au');
insert into employee (EmpID, DepID, name, email) values (43, 4, 'Jane', 'jmckinless16@skype.com');
insert into employee (EmpID, DepID, name, email) values (44, 15, 'Gustaf', 'gtremblett17@thetimes.co.uk');
insert into employee (EmpID, DepID, name, email) values (45, 5, 'Courtnay', 'cmccome18@godaddy.com');
insert into employee (EmpID, DepID, name, email) values (46, 23, 'Consalve', 'carunowicz19@bigcartel.com');
insert into employee (EmpID, DepID, name, email) values (47, 5, 'Orran', 'owoodroff1a@wikia.com');
insert into employee (EmpID, DepID, name, email) values (48, 13, 'Klement', 'kcosford1b@tmall.com');
insert into employee (EmpID, DepID, name, email) values (49, 12, 'Nick', 'nemig1c@businesswire.com');
insert into employee (EmpID, DepID, name, email) values (50, 18, 'Brinn', 'byarrall1d@answers.com');
insert into employee (EmpID, DepID, name, email) values (51, 20, 'Bobbye', 'bmaccarter1e@dyndns.org');
insert into employee (EmpID, DepID, name, email) values (52, 15, 'Leeland', 'lkeaveney1f@amazon.co.jp');
insert into employee (EmpID, DepID, name, email) values (53, 14, 'Kylila', 'kjandak1g@typepad.com');
insert into employee (EmpID, DepID, name, email) values (54, 21, 'Mano', 'mwhiskerd1h@illinois.edu');
insert into employee (EmpID, DepID, name, email) values (55, 4, 'Weider', 'wdolphin1i@walmart.com');
insert into employee (EmpID, DepID, name, email) values (56, 2, 'Dud', 'dtreace1j@dropbox.com');
insert into employee (EmpID, DepID, name, email) values (57, 3, 'Noble', 'nswadling1k@histats.com');
insert into employee (EmpID, DepID, name, email) values (58, 3, 'Dallon', 'daronstam1l@ask.com');
insert into employee (EmpID, DepID, name, email) values (59, 8, 'Brina', 'bdiperaus1m@eepurl.com');
insert into employee (EmpID, DepID, name, email) values (60, 17, 'Morty', 'mdepietri1n@webeden.co.uk');
insert into employee (EmpID, DepID, name, email) values (61, 12, 'Ari', 'amechi1o@unc.edu');
insert into employee (EmpID, DepID, name, email) values (62, 24, 'Ines', 'itremblett1p@weather.com');
insert into employee (EmpID, DepID, name, email) values (63, 14, 'Antonio', 'asimione1q@360.cn');
insert into employee (EmpID, DepID, name, email) values (64, 21, 'Sunny', 'sexposito1r@shinystat.com');
insert into employee (EmpID, DepID, name, email) values (65, 24, 'Ardyce', 'aisworth1s@seattletimes.com');
insert into employee (EmpID, DepID, name, email) values (66, 25, 'Milty', 'mgavriel1t@icq.com');
insert into employee (EmpID, DepID, name, email) values (67, 14, 'Kain', 'kniblo1u@examiner.com');
insert into employee (EmpID, DepID, name, email) values (68, 4, 'Cathie', 'cmaccolgan1v@upenn.edu');
insert into employee (EmpID, DepID, name, email) values (69, 8, 'Tandi', 'tferrierio1w@slideshare.net');
insert into employee (EmpID, DepID, name, email) values (70, 21, 'Cyndi', 'cmacneilley1x@artisteer.com');
insert into employee (EmpID, DepID, name, email) values (71, 13, 'Pearle', 'pboffin1y@epa.gov');
insert into employee (EmpID, DepID, name, email) values (72, 4, 'Nealy', 'nbourdas1z@reference.com');
insert into employee (EmpID, DepID, name, email) values (73, 23, 'Sully', 'sbeachem20@tmall.com');
insert into employee (EmpID, DepID, name, email) values (74, 10, 'Judie', 'jholtom21@netlog.com');
insert into employee (EmpID, DepID, name, email) values (75, 23, 'Kimbell', 'khanlin22@histats.com');
insert into employee (EmpID, DepID, name, email) values (76, 19, 'Chrissy', 'cheifer23@sourceforge.net');
insert into employee (EmpID, DepID, name, email) values (77, 9, 'Sandra', 'swealleans24@nbcnews.com');
insert into employee (EmpID, DepID, name, email) values (78, 7, 'Charles', 'ccoe25@dagondesign.com');
insert into employee (EmpID, DepID, name, email) values (79, 23, 'Taddeusz', 'tlaffranconi26@pbs.org');
insert into employee (EmpID, DepID, name, email) values (80, 5, 'Huntley', 'hmarritt27@trellian.com');
insert into employee (EmpID, DepID, name, email) values (81, 17, 'Taber', 'trichardeau28@google.es');
insert into employee (EmpID, DepID, name, email) values (82, 19, 'Shane', 'slegg29@123-reg.co.uk');
insert into employee (EmpID, DepID, name, email) values (83, 17, 'Grace', 'grubinowitz2a@meetup.com');
insert into employee (EmpID, DepID, name, email) values (84, 12, 'Johnny', 'jcaldow2b@youku.com');
insert into employee (EmpID, DepID, name, email) values (85, 24, 'Darcey', 'dpeyton2c@com.com');
insert into employee (EmpID, DepID, name, email) values (86, 24, 'Harmony', 'hgittings2d@foxnews.com');
insert into employee (EmpID, DepID, name, email) values (87, 23, 'Jephthah', 'jkidds2e@ebay.co.uk');
insert into employee (EmpID, DepID, name, email) values (88, 25, 'Joann', 'jadderson2f@tumblr.com');
insert into employee (EmpID, DepID, name, email) values (89, 20, 'Cissiee', 'cbiddlecombe2g@cnn.com');
insert into employee (EmpID, DepID, name, email) values (90, 21, 'Gretta', 'gweepers2h@multiply.com');
insert into employee (EmpID, DepID, name, email) values (91, 11, 'Athena', 'alalonde2i@imageshack.us');
insert into employee (EmpID, DepID, name, email) values (92, 1, 'Cassandry', 'cdahl2j@hp.com');
insert into employee (EmpID, DepID, name, email) values (93, 18, 'Wolfie', 'wbealing2k@accuweather.com');
insert into employee (EmpID, DepID, name, email) values (94, 25, 'Bary', 'bnoor2l@t-online.de');
insert into employee (EmpID, DepID, name, email) values (95, 15, 'Cordelie', 'ctolumello2m@is.gd');
insert into employee (EmpID, DepID, name, email) values (96, 22, 'Jaime', 'jcampbelldunlop2n@nature.com');
insert into employee (EmpID, DepID, name, email) values (97, 20, 'Brocky', 'bgaudin2o@so-net.ne.jp');
insert into employee (EmpID, DepID, name, email) values (98, 24, 'Karel', 'kpoxon2p@pbs.org');
insert into employee (EmpID, DepID, name, email) values (99, 21, 'Camella', 'clivock2q@sakura.ne.jp');
insert into employee (EmpID, DepID, name, email) values (100, 12, 'Donnie', 'dhaimes2r@indiatimes.com');


-- userGroup

INSERT INTO usergroup (grid, name) VALUES (1, 'readonly');
INSERT INTO usergroup (grid, name) VALUES (2, 'badmin');

-- roles

insert into role (RoleID, name) values (1, 'Programmer III');
insert into role (RoleID, name) values (2, 'Administrative Assistant IV');
insert into role (RoleID, name) values (3, 'Budget/Accounting Analyst I');
insert into role (RoleID, name) values (4, 'Executive Secretary');
insert into role (RoleID, name) values (5, 'Registered Nurse');
insert into role (RoleID, name) values (6, 'Programmer Analyst IV');
insert into role (RoleID, name) values (7, 'VP Accounting');
insert into role (RoleID, name) values (8, 'Legal Assistant');
insert into role (RoleID, name) values (9, 'Marketing Manager');
insert into role (RoleID, name) values (10, 'Systems Administrator III');
insert into role (RoleID, name) values (11, 'Operator');
insert into role (RoleID, name) values (12, 'Research Nurse');
insert into role (RoleID, name) values (13, 'Environmental Tech');
insert into role (RoleID, name) values (14, 'VP Quality Control');
insert into role (RoleID, name) values (15, 'Electrical Engineer');
insert into role (RoleID, name) values (16, 'Community Outreach Specialist');
insert into role (RoleID, name) values (17, 'Staff Scientist');
insert into role (RoleID, name) values (18, 'Computer Systems Analyst IV');
insert into role (RoleID, name) values (19, 'Accounting Assistant IV');
insert into role (RoleID, name) values (20, 'Help Desk Technician');


-- works

insert into works (PrID, EmpID, started) values (5, 11, '2025-07-24 04:40:42');
insert into works (PrID, EmpID, started) values (17, 30, '2025-03-01 10:25:21');
insert into works (PrID, EmpID, started) values (15, 12, '2025-06-18 21:31:30');
insert into works (PrID, EmpID, started) values (7, 65, '2025-02-15 05:14:49');
insert into works (PrID, EmpID, started) values (14, 56, '2025-02-07 01:36:52');
insert into works (PrID, EmpID, started) values (1, 28, '2025-03-09 23:00:28');
insert into works (PrID, EmpID, started) values (20, 79, '2025-05-31 01:14:13');
insert into works (PrID, EmpID, started) values (10, 18, '2025-02-05 09:00:22');
insert into works (PrID, EmpID, started) values (10, 9, '2025-02-25 20:05:25');
insert into works (PrID, EmpID, started) values (6, 39, '2025-08-25 20:31:02');
insert into works (PrID, EmpID, started) values (22, 35, '2025-04-07 10:43:31');
insert into works (PrID, EmpID, started) values (10, 89, '2025-06-10 20:54:47');
insert into works (PrID, EmpID, started) values (5, 50, '2025-08-29 05:53:49');
insert into works (PrID, EmpID, started) values (15, 93, '2025-03-22 22:49:50');
insert into works (PrID, EmpID, started) values (13, 76, '2025-03-21 03:58:02');
insert into works (PrID, EmpID, started) values (19, 81, '2025-04-19 00:30:38');
insert into works (PrID, EmpID, started) values (8, 94, '2025-04-01 01:45:07');
insert into works (PrID, EmpID, started) values (1, 15, '2025-08-07 13:58:56');
insert into works (PrID, EmpID, started) values (4, 88, '2025-02-20 13:17:24');
insert into works (PrID, EmpID, started) values (11, 87, '2025-04-12 20:04:40');
insert into works (PrID, EmpID, started) values (4, 20, '2025-08-24 13:59:41');
insert into works (PrID, EmpID, started) values (7, 16, '2025-07-27 13:55:24');
insert into works (PrID, EmpID, started) values (21, 46, '2025-07-21 06:55:17');
insert into works (PrID, EmpID, started) values (8, 43, '2025-03-18 13:26:14');
insert into works (PrID, EmpID, started) values (8, 23, '2025-07-19 12:04:16');
insert into works (PrID, EmpID, started) values (7, 56, '2025-02-22 18:34:22');
insert into works (PrID, EmpID, started) values (9, 84, '2025-07-26 19:09:40');
insert into works (PrID, EmpID, started) values (21, 21, '2025-05-17 19:26:37');
insert into works (PrID, EmpID, started) values (16, 66, '2025-05-27 23:12:11');
insert into works (PrID, EmpID, started) values (23, 47, '2025-06-23 10:55:35');
insert into works (PrID, EmpID, started) values (5, 84, '2025-06-05 12:39:20');
insert into works (PrID, EmpID, started) values (13, 76, '2025-04-27 08:53:17');
insert into works (PrID, EmpID, started) values (15, 75, '2025-07-20 21:17:08');
insert into works (PrID, EmpID, started) values (11, 53, '2025-06-10 12:59:33');
insert into works (PrID, EmpID, started) values (11, 70, '2025-02-08 18:46:27');
insert into works (PrID, EmpID, started) values (5, 32, '2025-04-10 10:28:24');
insert into works (PrID, EmpID, started) values (14, 57, '2025-08-17 14:36:18');
insert into works (PrID, EmpID, started) values (25, 31, '2025-02-11 21:06:15');
insert into works (PrID, EmpID, started) values (25, 37, '2025-04-06 16:22:00');
insert into works (PrID, EmpID, started) values (14, 17, '2025-08-23 01:31:32');
insert into works (PrID, EmpID, started) values (13, 7, '2025-07-20 19:48:54');
insert into works (PrID, EmpID, started) values (14, 43, '2025-06-01 13:23:59');
insert into works (PrID, EmpID, started) values (5, 70, '2025-08-08 10:08:22');
insert into works (PrID, EmpID, started) values (23, 84, '2025-05-07 09:52:09');
insert into works (PrID, EmpID, started) values (8, 56, '2025-04-03 05:29:08');
insert into works (PrID, EmpID, started) values (2, 5, '2025-08-30 22:59:00');
insert into works (PrID, EmpID, started) values (17, 73, '2025-02-02 05:19:19');
insert into works (PrID, EmpID, started) values (16, 39, '2025-07-15 00:52:56');
insert into works (PrID, EmpID, started) values (9, 30, '2025-02-11 16:40:15');
insert into works (PrID, EmpID, started) values (20, 19, '2025-07-05 18:22:09');
insert into works (PrID, EmpID, started) values (3, 91, '2025-07-19 12:29:20');
insert into works (PrID, EmpID, started) values (12, 9, '2025-05-18 20:20:45');
insert into works (PrID, EmpID, started) values (18, 69, '2025-06-05 20:56:34');
insert into works (PrID, EmpID, started) values (25, 79, '2025-07-20 12:37:51');
insert into works (PrID, EmpID, started) values (8, 99, '2025-02-12 02:24:47');
insert into works (PrID, EmpID, started) values (18, 78, '2025-03-28 17:09:34');
insert into works (PrID, EmpID, started) values (5, 42, '2025-05-22 09:03:54');
insert into works (PrID, EmpID, started) values (10, 53, '2025-07-28 12:23:02');
insert into works (PrID, EmpID, started) values (9, 58, '2025-08-02 17:33:25');
insert into works (PrID, EmpID, started) values (22, 51, '2025-06-30 09:47:14');
insert into works (PrID, EmpID, started) values (13, 80, '2025-05-09 06:45:35');
insert into works (PrID, EmpID, started) values (25, 18, '2025-03-09 14:16:34');
insert into works (PrID, EmpID, started) values (2, 67, '2025-03-02 20:02:34');
insert into works (PrID, EmpID, started) values (25, 46, '2025-05-14 12:29:31');
insert into works (PrID, EmpID, started) values (15, 54, '2025-05-27 01:16:49');
insert into works (PrID, EmpID, started) values (10, 45, '2025-05-17 10:17:04');
insert into works (PrID, EmpID, started) values (10, 83, '2025-07-11 07:30:57');
insert into works (PrID, EmpID, started) values (11, 22, '2025-06-15 05:39:33');
insert into works (PrID, EmpID, started) values (8, 97, '2025-05-11 01:41:36');
insert into works (PrID, EmpID, started) values (18, 55, '2025-03-06 03:39:36');
insert into works (PrID, EmpID, started) values (20, 30, '2025-06-11 01:16:54');
insert into works (PrID, EmpID, started) values (3, 88, '2025-06-08 20:49:50');
insert into works (PrID, EmpID, started) values (19, 85, '2025-05-11 05:45:33');
insert into works (PrID, EmpID, started) values (13, 83, '2025-06-15 11:12:54');
insert into works (PrID, EmpID, started) values (10, 68, '2025-05-29 18:13:57');
insert into works (PrID, EmpID, started) values (11, 2, '2025-04-26 01:52:25');
insert into works (PrID, EmpID, started) values (6, 35, '2025-06-26 21:16:58');
insert into works (PrID, EmpID, started) values (6, 45, '2025-03-12 14:55:40');
insert into works (PrID, EmpID, started) values (16, 63, '2025-05-12 09:09:07');
insert into works (PrID, EmpID, started) values (16, 27, '2025-06-20 12:17:42');
insert into works (PrID, EmpID, started) values (12, 26, '2025-08-15 02:02:18');
insert into works (PrID, EmpID, started) values (24, 100, '2025-05-03 17:13:33');
insert into works (PrID, EmpID, started) values (23, 6, '2025-07-13 02:37:09');
insert into works (PrID, EmpID, started) values (16, 64, '2025-03-03 08:59:42');
insert into works (PrID, EmpID, started) values (14, 29, '2025-06-07 17:31:29');
insert into works (PrID, EmpID, started) values (19, 15, '2025-04-03 14:10:57');
insert into works (PrID, EmpID, started) values (5, 16, '2025-03-14 10:10:39');
insert into works (PrID, EmpID, started) values (2, 1, '2025-06-12 05:57:56');
insert into works (PrID, EmpID, started) values (12, 28, '2025-06-15 21:20:17');
insert into works (PrID, EmpID, started) values (7, 3, '2025-03-17 05:22:27');
insert into works (PrID, EmpID, started) values (18, 69, '2025-05-03 16:22:20');
insert into works (PrID, EmpID, started) values (19, 44, '2025-02-23 02:25:14');
insert into works (PrID, EmpID, started) values (15, 98, '2025-06-02 02:22:19');
insert into works (PrID, EmpID, started) values (14, 58, '2025-06-27 00:18:30');
insert into works (PrID, EmpID, started) values (22, 71, '2025-08-07 20:36:49');
insert into works (PrID, EmpID, started) values (13, 6, '2025-04-13 14:06:57');
insert into works (PrID, EmpID, started) values (10, 76, '2025-07-10 02:17:35');
insert into works (PrID, EmpID, started) values (13, 5, '2025-07-06 04:56:57');
insert into works (PrID, EmpID, started) values (18, 42, '2025-03-14 19:55:50');
insert into works (PrID, EmpID, started) values (12, 34, '2025-08-12 02:34:14');
insert into works (PrID, EmpID, started) values (1, 9, '2025-02-04 17:00:04');
insert into works (PrID, EmpID, started) values (17, 20, '2025-07-02 02:29:47');
insert into works (PrID, EmpID, started) values (4, 48, '2025-07-24 23:09:18');
insert into works (PrID, EmpID, started) values (24, 90, '2025-06-02 04:20:38');
insert into works (PrID, EmpID, started) values (24, 35, '2025-08-28 09:39:08');
insert into works (PrID, EmpID, started) values (11, 47, '2025-08-09 23:48:33');
insert into works (PrID, EmpID, started) values (17, 89, '2025-02-21 15:01:32');
insert into works (PrID, EmpID, started) values (4, 2, '2025-04-10 10:07:11');
insert into works (PrID, EmpID, started) values (22, 37, '2025-03-27 19:11:11');
insert into works (PrID, EmpID, started) values (10, 23, '2025-06-27 05:11:26');
insert into works (PrID, EmpID, started) values (2, 61, '2025-02-09 09:52:28');
insert into works (PrID, EmpID, started) values (7, 29, '2025-05-10 03:33:16');
insert into works (PrID, EmpID, started) values (18, 99, '2025-02-24 19:32:51');
insert into works (PrID, EmpID, started) values (6, 65, '2025-08-30 18:20:59');
insert into works (PrID, EmpID, started) values (23, 4, '2025-06-30 18:31:58');
insert into works (PrID, EmpID, started) values (2, 45, '2025-05-21 11:48:08');
insert into works (PrID, EmpID, started) values (1, 60, '2025-02-15 16:06:33');
insert into works (PrID, EmpID, started) values (6, 62, '2025-03-24 06:30:34');
insert into works (PrID, EmpID, started) values (21, 39, '2025-08-28 16:08:22');
insert into works (PrID, EmpID, started) values (8, 37, '2025-07-28 21:44:42');
insert into works (PrID, EmpID, started) values (9, 61, '2025-03-23 09:41:43');
insert into works (PrID, EmpID, started) values (11, 82, '2025-06-03 22:31:41');
insert into works (PrID, EmpID, started) values (22, 23, '2025-08-24 10:09:07');
insert into works (PrID, EmpID, started) values (4, 81, '2025-06-28 01:05:41');
insert into works (PrID, EmpID, started) values (7, 25, '2025-04-13 12:44:57');
insert into works (PrID, EmpID, started) values (5, 2, '2025-04-03 04:23:33');
insert into works (PrID, EmpID, started) values (22, 25, '2025-08-22 21:28:47');
insert into works (PrID, EmpID, started) values (19, 72, '2025-05-30 16:58:12');
insert into works (PrID, EmpID, started) values (24, 43, '2025-04-05 20:56:29');
insert into works (PrID, EmpID, started) values (3, 30, '2025-03-26 10:35:47');
insert into works (PrID, EmpID, started) values (6, 76, '2025-08-01 03:08:53');
insert into works (PrID, EmpID, started) values (22, 63, '2025-04-23 01:19:15');
insert into works (PrID, EmpID, started) values (18, 14, '2025-06-04 06:58:20');
insert into works (PrID, EmpID, started) values (1, 88, '2025-05-15 21:38:12');
insert into works (PrID, EmpID, started) values (16, 48, '2025-04-04 21:15:59');
insert into works (PrID, EmpID, started) values (11, 38, '2025-06-24 05:41:57');
insert into works (PrID, EmpID, started) values (17, 43, '2025-03-08 13:18:33');
insert into works (PrID, EmpID, started) values (20, 100, '2025-05-19 14:05:52');
insert into works (PrID, EmpID, started) values (13, 39, '2025-04-12 13:03:23');
insert into works (PrID, EmpID, started) values (21, 8, '2025-07-29 03:10:23');
insert into works (PrID, EmpID, started) values (12, 30, '2025-07-09 22:13:26');
insert into works (PrID, EmpID, started) values (10, 28, '2025-08-28 22:13:13');
insert into works (PrID, EmpID, started) values (23, 51, '2025-05-15 05:24:06');
insert into works (PrID, EmpID, started) values (1, 29, '2025-06-20 12:27:08');
insert into works (PrID, EmpID, started) values (19, 58, '2025-08-16 15:04:51');
insert into works (PrID, EmpID, started) values (22, 4, '2025-03-23 07:00:55');
insert into works (PrID, EmpID, started) values (19, 62, '2025-07-19 10:50:40');
insert into works (PrID, EmpID, started) values (22, 15, '2025-06-10 22:01:02');
insert into works (PrID, EmpID, started) values (10, 2, '2025-04-16 06:50:29');
insert into works (PrID, EmpID, started) values (23, 30, '2025-03-27 16:12:50');

-- partof

insert into partOf (EmpID, GrID) values (1, 1);
insert into partOf (EmpID, GrID) values (2, 2);
insert into partOf (EmpID, GrID) values (3, 2);
insert into partOf (EmpID, GrID) values (4, 1);
insert into partOf (EmpID, GrID) values (5, 1);
insert into partOf (EmpID, GrID) values (6, 2);
insert into partOf (EmpID, GrID) values (7, 2);
insert into partOf (EmpID, GrID) values (8, 2);
insert into partOf (EmpID, GrID) values (9, 2);
insert into partOf (EmpID, GrID) values (10, 1);
insert into partOf (EmpID, GrID) values (11, 2);
insert into partOf (EmpID, GrID) values (12, 2);
insert into partOf (EmpID, GrID) values (13, 2);
insert into partOf (EmpID, GrID) values (14, 1);
insert into partOf (EmpID, GrID) values (15, 1);
insert into partOf (EmpID, GrID) values (16, 1);
insert into partOf (EmpID, GrID) values (17, 2);
insert into partOf (EmpID, GrID) values (18, 1);
insert into partOf (EmpID, GrID) values (19, 1);
insert into partOf (EmpID, GrID) values (20, 2);
insert into partOf (EmpID, GrID) values (21, 2);
insert into partOf (EmpID, GrID) values (22, 1);
insert into partOf (EmpID, GrID) values (23, 1);
insert into partOf (EmpID, GrID) values (24, 1);
insert into partOf (EmpID, GrID) values (25, 2);
insert into partOf (EmpID, GrID) values (26, 1);
insert into partOf (EmpID, GrID) values (27, 2);
insert into partOf (EmpID, GrID) values (28, 2);
insert into partOf (EmpID, GrID) values (29, 1);
insert into partOf (EmpID, GrID) values (30, 1);
insert into partOf (EmpID, GrID) values (31, 2);
insert into partOf (EmpID, GrID) values (32, 2);
insert into partOf (EmpID, GrID) values (33, 1);
insert into partOf (EmpID, GrID) values (34, 1);
insert into partOf (EmpID, GrID) values (35, 1);
insert into partOf (EmpID, GrID) values (36, 2);
insert into partOf (EmpID, GrID) values (37, 1);
insert into partOf (EmpID, GrID) values (38, 2);
insert into partOf (EmpID, GrID) values (39, 1);
insert into partOf (EmpID, GrID) values (40, 1);
insert into partOf (EmpID, GrID) values (41, 1);
insert into partOf (EmpID, GrID) values (42, 2);
insert into partOf (EmpID, GrID) values (43, 1);
insert into partOf (EmpID, GrID) values (44, 1);
insert into partOf (EmpID, GrID) values (45, 1);
insert into partOf (EmpID, GrID) values (46, 1);
insert into partOf (EmpID, GrID) values (47, 1);
insert into partOf (EmpID, GrID) values (48, 1);
insert into partOf (EmpID, GrID) values (49, 2);
insert into partOf (EmpID, GrID) values (50, 2);
insert into partOf (EmpID, GrID) values (51, 1);
insert into partOf (EmpID, GrID) values (52, 2);
insert into partOf (EmpID, GrID) values (53, 2);
insert into partOf (EmpID, GrID) values (54, 1);
insert into partOf (EmpID, GrID) values (55, 2);
insert into partOf (EmpID, GrID) values (56, 1);
insert into partOf (EmpID, GrID) values (57, 1);
insert into partOf (EmpID, GrID) values (58, 2);
insert into partOf (EmpID, GrID) values (59, 2);
insert into partOf (EmpID, GrID) values (60, 1);
insert into partOf (EmpID, GrID) values (61, 2);
insert into partOf (EmpID, GrID) values (62, 2);
insert into partOf (EmpID, GrID) values (63, 2);
insert into partOf (EmpID, GrID) values (64, 1);
insert into partOf (EmpID, GrID) values (65, 2);
insert into partOf (EmpID, GrID) values (66, 1);
insert into partOf (EmpID, GrID) values (67, 1);
insert into partOf (EmpID, GrID) values (68, 1);
insert into partOf (EmpID, GrID) values (69, 1);
insert into partOf (EmpID, GrID) values (70, 1);
insert into partOf (EmpID, GrID) values (71, 1);
insert into partOf (EmpID, GrID) values (72, 2);
insert into partOf (EmpID, GrID) values (73, 1);
insert into partOf (EmpID, GrID) values (74, 2);
insert into partOf (EmpID, GrID) values (75, 2);
insert into partOf (EmpID, GrID) values (76, 1);
insert into partOf (EmpID, GrID) values (77, 1);
insert into partOf (EmpID, GrID) values (78, 1);
insert into partOf (EmpID, GrID) values (79, 1);
insert into partOf (EmpID, GrID) values (80, 2);
insert into partOf (EmpID, GrID) values (81, 1);
insert into partOf (EmpID, GrID) values (82, 1);
insert into partOf (EmpID, GrID) values (83, 1);
insert into partOf (EmpID, GrID) values (84, 1);
insert into partOf (EmpID, GrID) values (85, 1);
insert into partOf (EmpID, GrID) values (86, 1);
insert into partOf (EmpID, GrID) values (87, 2);
insert into partOf (EmpID, GrID) values (88, 2);
insert into partOf (EmpID, GrID) values (89, 1);
insert into partOf (EmpID, GrID) values (90, 2);
insert into partOf (EmpID, GrID) values (91, 1);
insert into partOf (EmpID, GrID) values (92, 2);
insert into partOf (EmpID, GrID) values (93, 1);
insert into partOf (EmpID, GrID) values (94, 2);
insert into partOf (EmpID, GrID) values (95, 1);
insert into partOf (EmpID, GrID) values (96, 2);
insert into partOf (EmpID, GrID) values (97, 1);
insert into partOf (EmpID, GrID) values (98, 2);
insert into partOf (EmpID, GrID) values (99, 1);
insert into partOf (EmpID, GrID) values (100, 2);


-- has

insert into has (RoleID, EmpID, description) values (13, 51, 'duis at velit eu est congue elementum in hac habitasse platea dictumst morbi vestibulum velit id pretium iaculis diam');
insert into has (RoleID, EmpID, description) values (17, 40, 'tortor duis mattis egestas metus aenean fermentum donec ut mauris eget massa tempor convallis nulla neque libero');
insert into has (RoleID, EmpID, description) values (14, 5, 'vestibulum quam sapien varius ut blandit non interdum in ante vestibulum ante ipsum primis in faucibus');
insert into has (RoleID, EmpID, description) values (8, 71, 'at velit vivamus vel nulla eget eros elementum pellentesque quisque porta volutpat erat quisque erat eros viverra eget congue');
insert into has (RoleID, EmpID, description) values (14, 45, 'aliquam erat volutpat in congue etiam justo etiam pretium iaculis justo in hac');
insert into has (RoleID, EmpID, description) values (7, 27, 'semper porta volutpat quam pede lobortis ligula sit amet eleifend pede libero quis orci nullam molestie nibh in');
insert into has (RoleID, EmpID, description) values (9, 52, 'est risus auctor sed tristique in tempus sit amet sem');
insert into has (RoleID, EmpID, description) values (14, 99, 'interdum in ante vestibulum ante ipsum primis in faucibus orci');
insert into has (RoleID, EmpID, description) values (18, 2, 'consequat morbi a ipsum integer a nibh in quis justo maecenas');
insert into has (RoleID, EmpID, description) values (12, 64, 'morbi ut odio cras mi pede malesuada in imperdiet et commodo vulputate');
insert into has (RoleID, EmpID, description) values (20, 15, 'ultrices posuere cubilia curae nulla dapibus dolor vel est donec odio justo sollicitudin ut suscipit a');
insert into has (RoleID, EmpID, description) values (20, 97, 'egestas metus aenean fermentum donec ut mauris eget massa tempor');
insert into has (RoleID, EmpID, description) values (5, 36, 'rutrum rutrum neque aenean auctor gravida sem praesent id massa id nisl');
insert into has (RoleID, EmpID, description) values (18, 99, 'lacus morbi quis tortor id nulla ultrices aliquet maecenas leo odio condimentum id');
insert into has (RoleID, EmpID, description) values (11, 22, 'posuere cubilia curae donec pharetra magna vestibulum aliquet ultrices erat tortor');
insert into has (RoleID, EmpID, description) values (6, 59, 'lectus pellentesque eget nunc donec quis orci eget orci vehicula condimentum');
insert into has (RoleID, EmpID, description) values (8, 31, 'pede lobortis ligula sit amet eleifend pede libero quis orci nullam molestie nibh in lectus pellentesque at nulla suspendisse potenti');
insert into has (RoleID, EmpID, description) values (15, 19, 'sed lacus morbi sem mauris laoreet ut rhoncus aliquet pulvinar');
insert into has (RoleID, EmpID, description) values (16, 59, 'dis parturient montes nascetur ridiculus mus vivamus vestibulum sagittis sapien cum sociis natoque penatibus et magnis');
insert into has (RoleID, EmpID, description) values (20, 58, 'volutpat dui maecenas tristique est et tempus semper est quam pharetra magna ac consequat metus sapien ut nunc vestibulum ante');
insert into has (RoleID, EmpID, description) values (9, 76, 'morbi odio odio elementum eu interdum eu tincidunt in leo maecenas pulvinar lobortis est');
insert into has (RoleID, EmpID, description) values (2, 26, 'non velit donec diam neque vestibulum eget vulputate ut ultrices vel augue vestibulum ante ipsum primis in faucibus orci');
insert into has (RoleID, EmpID, description) values (17, 75, 'sapien dignissim vestibulum vestibulum ante ipsum primis in faucibus orci luctus et');
insert into has (RoleID, EmpID, description) values (5, 59, 'integer aliquet massa id lobortis convallis tortor risus dapibus augue vel accumsan tellus nisi eu orci mauris lacinia sapien');
insert into has (RoleID, EmpID, description) values (16, 43, 'adipiscing molestie hendrerit at vulputate vitae nisl aenean lectus pellentesque eget nunc donec quis orci eget orci');
insert into has (RoleID, EmpID, description) values (17, 89, 'tellus semper interdum mauris ullamcorper purus sit amet nulla quisque arcu');
insert into has (RoleID, EmpID, description) values (9, 43, 'at velit vivamus vel nulla eget eros elementum pellentesque quisque porta');
insert into has (RoleID, EmpID, description) values (2, 49, 'nunc donec quis orci eget orci vehicula condimentum curabitur in libero ut massa volutpat convallis morbi');
insert into has (RoleID, EmpID, description) values (2, 51, 'montes nascetur ridiculus mus vivamus vestibulum sagittis sapien cum sociis natoque penatibus et magnis dis parturient montes');
insert into has (RoleID, EmpID, description) values (13, 71, 'lacinia nisi venenatis tristique fusce congue diam id ornare imperdiet sapien');
insert into has (RoleID, EmpID, description) values (17, 53, 'ut ultrices vel augue vestibulum ante ipsum primis in faucibus orci luctus et ultrices posuere cubilia curae donec');
insert into has (RoleID, EmpID, description) values (6, 37, 'fusce consequat nulla nisl nunc nisl duis bibendum felis sed interdum venenatis turpis enim blandit mi in porttitor pede');
insert into has (RoleID, EmpID, description) values (20, 58, 'amet consectetuer adipiscing elit proin risus praesent lectus vestibulum quam sapien varius');
insert into has (RoleID, EmpID, description) values (17, 100, 'metus aenean fermentum donec ut mauris eget massa tempor convallis nulla neque libero convallis');
insert into has (RoleID, EmpID, description) values (10, 33, 'amet eleifend pede libero quis orci nullam molestie nibh in lectus pellentesque at nulla suspendisse potenti cras in purus');
insert into has (RoleID, EmpID, description) values (9, 97, 'enim blandit mi in porttitor pede justo eu massa donec dapibus duis at velit eu est');
insert into has (RoleID, EmpID, description) values (1, 78, 'donec ut dolor morbi vel lectus in quam fringilla rhoncus mauris enim leo rhoncus sed vestibulum sit');
insert into has (RoleID, EmpID, description) values (18, 25, 'sapien sapien non mi integer ac neque duis bibendum morbi non quam nec dui luctus rutrum');
insert into has (RoleID, EmpID, description) values (1, 19, 'duis consequat dui nec nisi volutpat eleifend donec ut dolor morbi vel lectus in quam fringilla rhoncus mauris');
insert into has (RoleID, EmpID, description) values (20, 82, 'sollicitudin mi sit amet lobortis sapien sapien non mi integer ac neque duis bibendum morbi non quam nec dui');
insert into has (RoleID, EmpID, description) values (9, 40, 'nisi vulputate nonummy maecenas tincidunt lacus at velit vivamus vel nulla eget eros elementum pellentesque quisque porta');
insert into has (RoleID, EmpID, description) values (18, 47, 'dui maecenas tristique est et tempus semper est quam pharetra');
insert into has (RoleID, EmpID, description) values (19, 23, 'ipsum praesent blandit lacinia erat vestibulum sed magna at nunc commodo placerat praesent blandit nam nulla integer');
insert into has (RoleID, EmpID, description) values (6, 22, 'ipsum praesent blandit lacinia erat vestibulum sed magna at nunc');
insert into has (RoleID, EmpID, description) values (18, 90, 'et ultrices posuere cubilia curae nulla dapibus dolor vel est donec odio justo sollicitudin');
insert into has (RoleID, EmpID, description) values (4, 25, 'eget orci vehicula condimentum curabitur in libero ut massa volutpat convallis morbi');
insert into has (RoleID, EmpID, description) values (3, 41, 'risus praesent lectus vestibulum quam sapien varius ut blandit non interdum');
insert into has (RoleID, EmpID, description) values (19, 66, 'neque vestibulum eget vulputate ut ultrices vel augue vestibulum ante ipsum');
insert into has (RoleID, EmpID, description) values (7, 91, 'molestie lorem quisque ut erat curabitur gravida nisi at nibh in hac habitasse platea dictumst aliquam augue quam sollicitudin vitae');
insert into has (RoleID, EmpID, description) values (10, 43, 'ultrices posuere cubilia curae duis faucibus accumsan odio curabitur convallis duis consequat dui nec nisi volutpat eleifend donec ut dolor');
insert into has (RoleID, EmpID, description) values (6, 99, 'ligula suspendisse ornare consequat lectus in est risus auctor sed tristique in');
insert into has (RoleID, EmpID, description) values (12, 57, 'mi sit amet lobortis sapien sapien non mi integer ac neque duis bibendum morbi non quam nec dui');
insert into has (RoleID, EmpID, description) values (20, 33, 'sapien placerat ante nulla justo aliquam quis turpis eget elit sodales scelerisque');
insert into has (RoleID, EmpID, description) values (17, 95, 'eros viverra eget congue eget semper rutrum nulla nunc purus');
insert into has (RoleID, EmpID, description) values (9, 98, 'semper porta volutpat quam pede lobortis ligula sit amet eleifend pede libero quis');
insert into has (RoleID, EmpID, description) values (1, 22, 'curabitur in libero ut massa volutpat convallis morbi odio odio elementum eu interdum eu tincidunt in leo maecenas pulvinar');
insert into has (RoleID, EmpID, description) values (16, 6, 'dictumst aliquam augue quam sollicitudin vitae consectetuer eget rutrum at lorem integer tincidunt ante vel ipsum praesent blandit lacinia');
insert into has (RoleID, EmpID, description) values (12, 82, 'vel accumsan tellus nisi eu orci mauris lacinia sapien quis libero nullam');
insert into has (RoleID, EmpID, description) values (11, 37, 'nascetur ridiculus mus vivamus vestibulum sagittis sapien cum sociis natoque penatibus et magnis');
insert into has (RoleID, EmpID, description) values (3, 69, 'id nulla ultrices aliquet maecenas leo odio condimentum id luctus nec molestie sed justo pellentesque viverra pede ac');
insert into has (RoleID, EmpID, description) values (9, 72, 'nisl duis ac nibh fusce lacus purus aliquet at feugiat non pretium');
insert into has (RoleID, EmpID, description) values (16, 28, 'morbi odio odio elementum eu interdum eu tincidunt in leo maecenas pulvinar lobortis est phasellus sit amet erat nulla');
insert into has (RoleID, EmpID, description) values (1, 30, 'tortor risus dapibus augue vel accumsan tellus nisi eu orci mauris lacinia sapien quis libero');
insert into has (RoleID, EmpID, description) values (11, 88, 'odio in hac habitasse platea dictumst maecenas ut massa quis');
insert into has (RoleID, EmpID, description) values (2, 41, 'aliquam quis turpis eget elit sodales scelerisque mauris sit amet eros suspendisse accumsan tortor');
insert into has (RoleID, EmpID, description) values (16, 71, 'eu sapien cursus vestibulum proin eu mi nulla ac enim in tempor turpis nec euismod scelerisque quam turpis adipiscing lorem');
insert into has (RoleID, EmpID, description) values (5, 85, 'tortor risus dapibus augue vel accumsan tellus nisi eu orci mauris lacinia sapien quis libero nullam sit amet turpis elementum');
insert into has (RoleID, EmpID, description) values (7, 49, 'ante vel ipsum praesent blandit lacinia erat vestibulum sed magna at nunc commodo placerat praesent blandit');
insert into has (RoleID, EmpID, description) values (16, 62, 'et ultrices posuere cubilia curae donec pharetra magna vestibulum aliquet');
insert into has (RoleID, EmpID, description) values (13, 27, 'ac diam cras pellentesque volutpat dui maecenas tristique est et tempus semper est quam pharetra magna');
insert into has (RoleID, EmpID, description) values (3, 50, 'eget orci vehicula condimentum curabitur in libero ut massa volutpat convallis morbi odio odio elementum eu interdum eu tincidunt in');
insert into has (RoleID, EmpID, description) values (20, 58, 'amet sapien dignissim vestibulum vestibulum ante ipsum primis in faucibus orci luctus et ultrices posuere cubilia curae nulla');
insert into has (RoleID, EmpID, description) values (17, 31, 'lectus vestibulum quam sapien varius ut blandit non interdum in ante vestibulum ante ipsum');
insert into has (RoleID, EmpID, description) values (5, 8, 'fusce lacus purus aliquet at feugiat non pretium quis lectus suspendisse potenti in eleifend');
insert into has (RoleID, EmpID, description) values (8, 35, 'sociis natoque penatibus et magnis dis parturient montes nascetur ridiculus mus vivamus vestibulum sagittis sapien cum sociis natoque penatibus');
insert into has (RoleID, EmpID, description) values (13, 91, 'erat quisque erat eros viverra eget congue eget semper rutrum nulla nunc purus phasellus in');
insert into has (RoleID, EmpID, description) values (9, 84, 'in eleifend quam a odio in hac habitasse platea dictumst maecenas');
insert into has (RoleID, EmpID, description) values (17, 37, 'luctus tincidunt nulla mollis molestie lorem quisque ut erat curabitur gravida nisi at nibh in hac habitasse platea dictumst aliquam');
insert into has (RoleID, EmpID, description) values (14, 13, 'mauris vulputate elementum nullam varius nulla facilisi cras non velit nec nisi vulputate nonummy maecenas tincidunt lacus at');
insert into has (RoleID, EmpID, description) values (20, 64, 'augue vestibulum rutrum rutrum neque aenean auctor gravida sem praesent id massa id nisl venenatis');
insert into has (RoleID, EmpID, description) values (3, 45, 'curabitur convallis duis consequat dui nec nisi volutpat eleifend donec ut dolor morbi vel lectus');
insert into has (RoleID, EmpID, description) values (18, 53, 'turpis adipiscing lorem vitae mattis nibh ligula nec sem duis aliquam convallis nunc proin at');
insert into has (RoleID, EmpID, description) values (3, 23, 'eu tincidunt in leo maecenas pulvinar lobortis est phasellus sit amet erat nulla tempus');
insert into has (RoleID, EmpID, description) values (16, 20, 'blandit nam nulla integer pede justo lacinia eget tincidunt eget tempus vel pede morbi porttitor lorem id ligula suspendisse');
insert into has (RoleID, EmpID, description) values (3, 38, 'nam congue risus semper porta volutpat quam pede lobortis ligula');
insert into has (RoleID, EmpID, description) values (11, 45, 'iaculis congue vivamus metus arcu adipiscing molestie hendrerit at vulputate vitae nisl');
insert into has (RoleID, EmpID, description) values (4, 9, 'dui maecenas tristique est et tempus semper est quam pharetra');
insert into has (RoleID, EmpID, description) values (15, 10, 'nonummy integer non velit donec diam neque vestibulum eget vulputate ut ultrices vel augue');
insert into has (RoleID, EmpID, description) values (13, 45, 'nisi volutpat eleifend donec ut dolor morbi vel lectus in quam fringilla rhoncus mauris');
insert into has (RoleID, EmpID, description) values (9, 59, 'sed vestibulum sit amet cursus id turpis integer aliquet massa id lobortis convallis tortor risus dapibus augue vel accumsan');
insert into has (RoleID, EmpID, description) values (14, 80, 'turpis sed ante vivamus tortor duis mattis egestas metus aenean fermentum donec ut mauris eget massa tempor');
insert into has (RoleID, EmpID, description) values (20, 39, 'pharetra magna vestibulum aliquet ultrices erat tortor sollicitudin mi sit amet lobortis sapien sapien non mi integer ac');
insert into has (RoleID, EmpID, description) values (13, 54, 'pede morbi porttitor lorem id ligula suspendisse ornare consequat lectus in est');
insert into has (RoleID, EmpID, description) values (3, 79, 'mi pede malesuada in imperdiet et commodo vulputate justo in blandit ultrices enim');
insert into has (RoleID, EmpID, description) values (4, 83, 'morbi ut odio cras mi pede malesuada in imperdiet et commodo vulputate justo in blandit ultrices enim lorem ipsum dolor');
insert into has (RoleID, EmpID, description) values (6, 2, 'vitae mattis nibh ligula nec sem duis aliquam convallis nunc proin');
insert into has (RoleID, EmpID, description) values (9, 61, 'nullam varius nulla facilisi cras non velit nec nisi vulputate nonummy maecenas tincidunt lacus at velit vivamus vel nulla eget');
insert into has (RoleID, EmpID, description) values (18, 59, 'euismod scelerisque quam turpis adipiscing lorem vitae mattis nibh ligula nec sem');
insert into has (RoleID, EmpID, description) values (4, 77, 'scelerisque mauris sit amet eros suspendisse accumsan tortor quis turpis sed ante vivamus tortor duis');
insert into has (RoleID, EmpID, description) values (8, 70, 'justo in blandit ultrices enim lorem ipsum dolor sit amet consectetuer adipiscing elit proin interdum mauris non ligula pellentesque ultrices');
insert into has (RoleID, EmpID, description) values (10, 62, 'suspendisse accumsan tortor quis turpis sed ante vivamus tortor duis mattis egestas metus aenean fermentum');
insert into has (RoleID, EmpID, description) values (8, 18, 'aliquet maecenas leo odio condimentum id luctus nec molestie sed justo pellentesque');
insert into has (RoleID, EmpID, description) values (10, 64, 'dapibus duis at velit eu est congue elementum in hac habitasse platea dictumst morbi vestibulum velit id pretium iaculis diam');
insert into has (RoleID, EmpID, description) values (1, 16, 'ultrices mattis odio donec vitae nisi nam ultrices libero non mattis pulvinar nulla pede ullamcorper augue a');
insert into has (RoleID, EmpID, description) values (3, 21, 'massa quis augue luctus tincidunt nulla mollis molestie lorem quisque ut erat curabitur gravida');
insert into has (RoleID, EmpID, description) values (12, 28, 'eu mi nulla ac enim in tempor turpis nec euismod scelerisque quam turpis adipiscing lorem vitae mattis');
insert into has (RoleID, EmpID, description) values (8, 65, 'rhoncus sed vestibulum sit amet cursus id turpis integer aliquet massa id lobortis convallis tortor risus dapibus augue vel');
insert into has (RoleID, EmpID, description) values (19, 76, 'vivamus vel nulla eget eros elementum pellentesque quisque porta volutpat erat');
insert into has (RoleID, EmpID, description) values (15, 87, 'eros suspendisse accumsan tortor quis turpis sed ante vivamus tortor duis mattis egestas metus aenean fermentum donec');
insert into has (RoleID, EmpID, description) values (12, 51, 'viverra dapibus nulla suscipit ligula in lacus curabitur at ipsum ac tellus semper interdum mauris ullamcorper');
insert into has (RoleID, EmpID, description) values (8, 96, 'curabitur at ipsum ac tellus semper interdum mauris ullamcorper purus sit amet nulla quisque arcu');
insert into has (RoleID, EmpID, description) values (19, 89, 'orci pede venenatis non sodales sed tincidunt eu felis fusce posuere felis');
insert into has (RoleID, EmpID, description) values (15, 95, 'nascetur ridiculus mus vivamus vestibulum sagittis sapien cum sociis natoque penatibus et magnis');
insert into has (RoleID, EmpID, description) values (15, 7, 'natoque penatibus et magnis dis parturient montes nascetur ridiculus mus etiam vel augue vestibulum rutrum rutrum');
insert into has (RoleID, EmpID, description) values (10, 10, 'at ipsum ac tellus semper interdum mauris ullamcorper purus sit amet nulla quisque arcu libero rutrum');
insert into has (RoleID, EmpID, description) values (8, 27, 'nibh fusce lacus purus aliquet at feugiat non pretium quis lectus suspendisse potenti in eleifend quam a odio in hac');
insert into has (RoleID, EmpID, description) values (5, 69, 'nulla eget eros elementum pellentesque quisque porta volutpat erat quisque erat eros viverra');
insert into has (RoleID, EmpID, description) values (2, 46, 'hac habitasse platea dictumst aliquam augue quam sollicitudin vitae consectetuer eget rutrum at lorem integer tincidunt ante vel');
insert into has (RoleID, EmpID, description) values (11, 73, 'vitae quam suspendisse potenti nullam porttitor lacus at turpis donec posuere');
insert into has (RoleID, EmpID, description) values (15, 100, 'turpis elementum ligula vehicula consequat morbi a ipsum integer a nibh in quis justo maecenas rhoncus aliquam');
